t_radio|Artist Radio|Arijit Singh|img_fm_arijit.jpg||https://stream.zeno.fm/rfpf8qec94zuv
t_radio|Artist Radio|A.R. Rahman|img_fm_arrahman.jpg||https://stream.zeno.fm/xk3g6h1vsa0uv
t_radio|Artist Radio|Asha Bhosle|img_fm_ashaji.jpg||https://stream.zeno.fm/55dqsbewxwzuv
t_radio|Artist Radio|Himesh Reshammiya|img_fm_himesh.jpg||https://stream.zeno.fm/wg53ebxp8hhvv
t_radio|Artist Radio|Kishore Kumar|img_fm_kishore.jpg||https://stream.zeno.fm/0ghtfp8ztm0uv
t_radio|Artist Radio|R D Burman|img_fm_rdburman.jpg||https://stream.zeno.fm/arx5ebzscfpvv
t_radio|Artist Radio|Kumar Sanu|img_fm_kumarsanu.jpg||https://stream.zeno.fm/xpp502dr97zuv
t_radio|Artist Radio|Lata Mangeshkar|img_fm_lataji.jpg||https://stream.zeno.fm/87xam8pf7tzuv
t_radio|Artist Radio|Mohammed Rafi|img_fm_rafi.jpg||https://stream.zeno.fm/2xx62x8ztm0uv
t_radio|Artist Radio|Mukesh|img_fm_mukesh.png||https://stream.zeno.fm/mrcz5sus1p8uv
t_radio|Artist Radio|Shreya Ghosal|img_fm_shreyaghosal.jpg||https://2.mystreaming.net/uber/bollywoodshreyaghosal/icecast.audio
t_radio|Artist Radio|Sonu Nigam|img_fm_sonu.jpg||https://nl4.mystreaming.net/uber/bollywoodsonunigam/icecast.audio
t_radio|Artist Radio|Udit Narayan|img_fm_uditnarayan.jpg||https://stream.zeno.fm/saztm64ts0quv
t_radio|Artist Radio|Nadeem-Shravan Melodies|||https://stream.zeno.fm/iewyuwyggmqtv
t_radio|Artist Radio|Jubin Nautiyal Radio|||https://stream.zeno.fm/hktp6atuuy8uv
t_radio|Artist Radio|Badshah|||https://stream.zeno.fm/mhttovf7xygtv
t_radio|Artist Radio|Atif Aslam|||http://194.49.53.85/uber-app/bollywoodatifaslam/icecast.audio
t_radio|Artist Radio|Yo Yo Honey Singh|||http://194.49.53.85/uber-app/bollywoodyoyohoneysingh/icecast.audio
t_radio|Artist Radio|Alka Yagnik|||http://194.49.53.85/uber-app/bollywoodalkayagnik/icecast.audio
t_radio|Artist Radio|Mohammad Aziz|||https://stream.zeno.fm/p5ny63td1d0uv
t_radio|Artist Radio|Pritam Radio|||http://194.49.53.85/uber-app/bollywoodpritam/icecast.audio
t_radio|Artist Radio|Shah Rukh Khan Fm|||http://194.49.53.85/uber-app/bollywoodshahrukhkhan/icecast.audio
t_radio|Artist Radio|Sanjay Deshpandey|||http://sirius.shoutca.st:8608/stream
t_radio|Artist Radio|Nusrat Fateh Ali Khan|||https://stream.zeno.fm/479zgk9hhbruv
t_radio|Artist Radio|Diljit Dosanjh|||https://stream-176.zeno.fm/gn4txvg9ps8uv
t_radio|Bollywood Hits|Radio Banarasi|||https://stream.zeno.fm/pw7nghtau0hvv
t_radio|Bollywood Hits|Radio Jagriti|||https://stream.zeno.fm/kgdue4hmffhvv
t_radio|Bollywood Hits|Madhur Sangeet|||https://stream.zeno.fm/yv2k0dp18vzuv
t_radio|Bollywood Hits|Euphonic Hindi Radio|||https://stream.zeno.fm/zszmz90uz1zuv
t_radio|Bollywood Hits|Goldy Fresh|||https://stream.zeno.fm/5qp76a5h3p8uv
t_radio|Bollywood Hits|Bhule Bisre Geet|||https://stream.zeno.fm/w0k2z6r25c9uv
t_radio|Bollywood Hits|Goldy Evergreen|||https://stream.zeno.fm/n2fd0edh9k8uv
t_radio|Bollywood Hits|Radio Saawariya|||https://stream.zeno.fm/wymnyx812aotv
t_radio|Bollywood Hits|Radio Tarana|||https://stream.zeno.fm/ceumr8uavp8uv
t_radio|Bollywood Hits|Radio Andaaz|||https://stream.zeno.fm/7681nkdb0rhvv
t_radio|Bollywood Hits|Rocker Radio Geetmala|||https://stream.zeno.fm/du9443htcfhvv
t_radio|Bollywood Hits|Radio Bollywood 90S|||https://stream.zeno.fm/rm4i9pdex3cuv
t_radio|Bollywood Hits|Radio Rainbow|||https://stream.zeno.fm/x4hk2f8eqm0uv
t_radio|Bollywood Hits|Radio Puraina|||https://stream.zeno.fm/eryjzxpzptptv
t_radio|Bollywood Hits|Taal Radio|||https://stream.zeno.fm/cngd2qk67reuv
t_radio|Bollywood Hits|Hits Bollywood Hindi Fm|||https://node-14.zeno.fm/rqqps6cbe3quv
t_radio|Bollywood Hits|Hits Of Bollywood|||https://node-01.zeno.fm/60ef4p33vxquv
t_radio|Bollywood Hits|Radio Namkin|||https://stream.zeno.fm/yg1qhsbaqv5tv
t_radio|Bollywood Hits|Radio Retro Bollywood|||https://node-22.zeno.fm/g372rxef798uv
t_radio|Bollywood Hits|Classic Radio Legends Only|||https://stream.zeno.fm/frkifolbsryuv
t_radio|Bollywood Hits|Bollywood Gold Revivals|||https://stream.zeno.fm/0xsvm1nr7a5tv
t_radio|Bollywood Hits|Goldy Cool|||https://stream.zeno.fm/3k1fb86tfm8uv
t_radio|Bollywood Hits|Old Hindi Songs|||https://stream.zeno.fm/gg93xd8k097vv
t_radio|Bollywood Hits|Zredio|||https://stream.zeno.fm/0xxput979e9uv
t_radio|Bollywood Hits|Radio Humsafar|||https://stream.zeno.fm/szfmr54krc9uv
t_radio|Bollywood Hits|Bollywood Old Hits Radio|||https://stream.zeno.fm/1efk8x1cf18uv
t_radio|Bollywood Hits|Radio Navrang|||https://stream.zeno.fm/p3zdanqovy2tv
t_radio|Bollywood Hits|Radio Sargam|||https://stream.zeno.fm/c9hwuyc8mg0uv
t_radio|Bollywood Hits|Radio Namaste|||https://stream.zeno.fm/eapx1hpkehvvv
t_radio|Bollywood Hits|Hindi Geet Radio|||https://stream.zeno.fm/a4cxtzdhva0uv
t_radio|Bollywood Hits|Music Station|||https://stream.zeno.fm/om9jek6w4zstv
t_radio|Bollywood Hits|Bollywood Brunch|||https://stream.zeno.fm/39mkyw88bshvv
t_radio|Bollywood Hits|The Golden Voice|||https://stream.zeno.fm/sgoqws7n8njuv
t_radio|Devotional|Bhakti Sangeet|||https://stream.zeno.fm/ut3kgm1vsa0uv
t_radio|Devotional|Bhakti Sagar|||https://stream.zeno.fm/lcida9v81nmvv
t_radio|Devotional|Bhajans Radio|||https://s5.citrus3.com:8148/stream
t_radio|Devotional|Bhaktiworld|||https://stream.zeno.fm/nqvcaqevkx5vv
t_radio|Devotional|Bhagavad Gita|||https://stream.zeno.fm/ijklcild1wrtv
t_radio|Devotional|Bhaktisudha|||https://n0a.radiojar.com/cfqyfcspcv8uv
t_radio|Devotional|Radio Vedam|||https://stream.sssmediacentre.org:8443/vedam
t_radio|Devotional|Shreemad Bhagwad Gita Sanskrit Shlokas|||https://stream.zeno.fm/wt3zvx5ccnruv
t_radio|Devotional|Magic Of Mahakaal|||https://stream.zeno.fm/r463dcxbkg0uv
t_radio|Devotional|Radio Prabhat|||https://stream.zeno.fm/2u5wz5p37vzuv
t_radio|Ghazals|Ghazal|||https://stream.zeno.fm/fx0nu8sg6ehvv
t_radio|Ghazals|Shaam E Ghazal|||https://stream.zeno.fm/9zc25sfe268uv
t_radio|Ghazals|Mishalradio|||https://stream.zeno.fm/q2suy3q8mg0uv
t_radio|Ghazals|Best Ghazals|||https://stream.zeno.fm/1rkrpc4d0k8uv
t_radio|Ghazals|Dil Say Dil Tak|||https://stream.zeno.fm/gun9488tbphvv
t_radio|Ghazals|Ghazal Lovers|||https://stream.zeno.fm/yo0kzyzedittv
t_radio|Air|Anantapur|ic_fm_akashvanianantapur.jpg|Andhra Pradesh|https://air.pc.cdn.bitgravity.com/air/live/pbaudio054/playlist.m3u8
t_radio|Air|Andhra Pradesh|ic_fm_akashvaniandhrapradesh.jpg|Andhra Pradesh|https://air.pc.cdn.bitgravity.com/air/live/pbaudio175/playlist.m3u8
t_radio|Air|FM Rainbow Vijayawada|ic_fm_fmrainbowvijayawada.jpg|Andhra Pradesh|https://air.pc.cdn.bitgravity.com/air/live/pbaudio174/playlist.m3u8
t_radio|Air|FM Rainbow Visakhapatnam|ic_fm_fmrainbowvisakhapatnam.jpg|Andhra Pradesh|https://air.pc.cdn.bitgravity.com/air/live/pbaudio081/playlist.m3u8
t_radio|Air|FM Simahapuri Nellore|ic_fm_fmsimahapurinellore.jpg|Andhra Pradesh|https://air.pc.cdn.bitgravity.com/air/live/pbaudio168/playlist.m3u8
t_radio|Air|Kadapa|ic_fm_akashvanikadapa.jpg|Andhra Pradesh|https://air.pc.cdn.bitgravity.com/air/live/pbaudio018/playlist.m3u8
t_radio|Air|Kurnool|ic_fm_akashvanikurnool.jpg|Andhra Pradesh|https://air.pc.cdn.bitgravity.com/air/live/pbaudio052/playlist.m3u8
t_radio|Air|Markapur|ic_fm_akashvanimarkapur.jpg|Andhra Pradesh|https://air.pc.cdn.bitgravity.com/air/live/pbaudio039/playlist.m3u8
t_radio|Air|Tirupati|ic_fm_akashvanitirupati.jpg|Andhra Pradesh|https://air.pc.cdn.bitgravity.com/air/live/pbaudio144/playlist.m3u8
t_radio|Air|VB Telugu Vijayawada|ic_fm_vbteluguvijayawada.jpg|Andhra Pradesh|https://air.pc.cdn.bitgravity.com/air/live/pbaudio176/playlist.m3u8
t_radio|Air|Visakhapatnam|ic_fm_akashvanivisakhapatnam.jpg|Andhra Pradesh|https://air.pc.cdn.bitgravity.com/air/live/pbaudio080/playlist.m3u8
t_radio|Air|Sri Vijaya Puram|ic_fm_akashvanisrivijayapuram.jpeg|Andman Nicobar|https://air.pc.cdn.bitgravity.com/air/live/pbaudio038/playlist.m3u8
t_radio|Air|FM Arun Itanagar|ic_fm_fmarunitanagar.jpg|Arunachal Pradesh|https://air.pc.cdn.bitgravity.com/air/live/pbaudio234/playlist.m3u8
t_radio|Air|Itanagar|ic_fm_akashvaniitanagar.jpg|Arunachal Pradesh|https://air.pc.cdn.bitgravity.com/air/live/pbaudio277/playlist.m3u8
t_radio|Air|Pasighat|ic_fm_akashvanipasighat.jpg|Arunachal Pradesh|https://air.pc.cdn.bitgravity.com/air/live/pbaudio268/playlist.m3u8
t_radio|Air|Tawang|ic_fm_akashvanitawang.jpg|Arunachal Pradesh|https://air.pc.cdn.bitgravity.com/air/live/pbaudio272/playlist.m3u8
t_radio|Air|Tezu|ic_fm_akashvanitezu.jpg|Arunachal Pradesh|https://air.pc.cdn.bitgravity.com/air/live/pbaudio267/playlist.m3u8
t_radio|Air|Dibrugarh|ic_fm_akashvanidibrugarh.jpg|Assam|https://air.pc.cdn.bitgravity.com/air/live/pbaudio255/playlist.m3u8
t_radio|Air|Diphu|ic_fm_akashvanidiphu.jpg|Assam|https://air.pc.cdn.bitgravity.com/air/live/pbaudio271/playlist.m3u8
t_radio|Air|Guwahati Mahabahu|ic_fm_akashvaniguwahatimahabahu.jpg|Assam|https://air.pc.cdn.bitgravity.com/air/live/pbaudio133/playlist.m3u8
t_radio|Air|Guwahati Pragjyotishpur|ic_fm_akashvaniguwahatipragjyotishpur.jpg|Assam|https://air.pc.cdn.bitgravity.com/air/live/pbaudio237/playlist.m3u8
t_radio|Air|Haflong|ic_fm_akashvanihaflong.jpg|Assam|https://air.pc.cdn.bitgravity.com/air/live/pbaudio258/playlist.m3u8
t_radio|Air|Jorhat|ic_fm_akashvanijorhat.jpg|Assam|https://air.pc.cdn.bitgravity.com/air/live/pbaudio261/playlist.m3u8
t_radio|Air|Kokrajhar|ic_fm_akashvanikokrajhar.jpeg|Assam|https://air.pc.cdn.bitgravity.com/air/live/pbaudio055/playlist.m3u8
t_radio|Air|Nagaon|ic_fm_akashvaninagaon.jpg|Assam|https://air.pc.cdn.bitgravity.com/air/live/pbaudio260/playlist.m3u8
t_radio|Air|Silchar|ic_fm_akashvanisilchar.jpg|Assam|https://air.pc.cdn.bitgravity.com/air/live/pbaudio090/playlist.m3u8
t_radio|Air|Tezpur|ic_fm_akashvanitezpur.jpg|Assam|https://air.pc.cdn.bitgravity.com/air/live/pbaudio270/playlist.m3u8
t_radio|Air|Bhagalpur|ic_fm_akashvanibhagalpur.jpg|Bihar|https://air.pc.cdn.bitgravity.com/air/live/pbaudio292/playlist.m3u8
t_radio|Air|Darbhanga|ic_fm_akashvanidarbhanga.jpg|Bihar|https://air.pc.cdn.bitgravity.com/air/live/pbaudio160/playlist.m3u8
t_radio|Air|FM Rainbow Patna|ic_fm_fmrainbowpatna.jpg|Bihar|https://air.pc.cdn.bitgravity.com/air/live/pbaudio252/playlist.m3u8
t_radio|Air|Patna|ic_fm_akashvanipatna.jpg|Bihar|https://air.pc.cdn.bitgravity.com/air/live/pbaudio087/playlist.m3u8
t_radio|Air|Purnia Bihar|ic_fm_akashvanipurniabihar.jpg|Bihar|https://air.pc.cdn.bitgravity.com/air/live/pbaudio147/playlist.m3u8
t_radio|Air|Sasaram|ic_fm_akashvanisasaram.jpg|Bihar|https://air.pc.cdn.bitgravity.com/air/live/pbaudio075/playlist.m3u8
t_radio|Air|VBS Patna|ic_fm_vbspatna.jpg|Bihar|https://air.pc.cdn.bitgravity.com/air/live/pbaudio251/playlist.m3u8
t_radio|Air|Chandigarh|ic_fm_akashvanichandigarh.jpg|Chandigarh|https://air.pc.cdn.bitgravity.com/air/live/pbaudio111/playlist.m3u8
t_radio|Air|Ambikapur|ic_fm_akashvaniambikapur.jpg|Chhatisgarh|https://air.pc.cdn.bitgravity.com/air/live/pbaudio086/playlist.m3u8
t_radio|Air|Bilaspur|ic_fm_akashvanibilaspur.jpg|Chhatisgarh|https://air.pc.cdn.bitgravity.com/air/live/pbaudio110/playlist.m3u8
t_radio|Air|Chhattisgarh|ic_fm_akashvanichhattisgarh.jpg|Chhatisgarh|https://air.pc.cdn.bitgravity.com/air/live/pbaudio118/playlist.m3u8
t_radio|Air|FM Raipur|ic_fm_akashvanifmraipur.jpg|Chhatisgarh|https://air.pc.cdn.bitgravity.com/air/live/pbaudio279/playlist.m3u8
t_radio|Air|Jagdalpur|ic_fm_akashvanijagdalpur.jpg|Chhatisgarh|https://air.pc.cdn.bitgravity.com/air/live/pbaudio201/playlist.m3u8
t_radio|Air|Raigarh|ic_fm_akashvaniraigarh.jpg|Chhatisgarh|https://air.pc.cdn.bitgravity.com/air/live/pbaudio196/playlist.m3u8
t_radio|Air|Saraipali|ic_fm_akashvanisaraipali.jpg|Chhatisgarh|https://air.pc.cdn.bitgravity.com/air/live/pbaudio254/playlist.m3u8
t_radio|Air|Daman|ic_fm_akashvanidaman.jpg|Daman And Diu|https://air.pc.cdn.bitgravity.com/air/live/pbaudio208/playlist.m3u8
t_radio|Air|Aaradhana|ic_fm_akashvaniaaradhana.jpg|Delhi|https://airhlspush.pc.cdn.bitgravity.com/httppush/hlspbaudio003/hlspbaudio003_Auto.m3u8
t_radio|Air|FM Gold Delhi|ic_fm_fmgolddelhi.jpg|Delhi|https://airhlspush.pc.cdn.bitgravity.com/httppush/hlspbaudio005/hlspbaudio005_Auto.m3u8
t_radio|Air|FM Rainbow Delhi|ic_fm_fmrainbowdelhi.jpg|Delhi|https://airhlspush.pc.cdn.bitgravity.com/httppush/hlspbaudio004/hlspbaudio004_Auto.m3u8
t_radio|Air|Indraprastha|ic_fm_indraprastha.jpg|Delhi|https://airhlspush.pc.cdn.bitgravity.com/httppush/hlspbaudio006/hlspbaudio006_Auto.m3u8
t_radio|Air|VBS Delhi|ic_fm_vbsdelhi.jpeg|Delhi|https://airhlspush.pc.cdn.bitgravity.com/httppush/hlspbaudio238/hlspbaudio238_Auto.m3u8
t_radio|Air|Mhadei Panaji|ic_fm_akashvanimhadeipanaji.jpg|Goa|https://air.pc.cdn.bitgravity.com/air/live/pbaudio049/playlist.m3u8
t_radio|Air|VBS Panaji|ic_fm_vbspanaji.jpg|Goa|https://air.pc.cdn.bitgravity.com/air/live/pbaudio280/playlist.m3u8
t_radio|Air|Ahwa|ic_fm_akashvaniahwa.jpg|Gujarat|https://air.pc.cdn.bitgravity.com/air/live/pbaudio236/playlist.m3u8
t_radio|Air|Akashwani Gujarati|ic_fm_akashwanigujarati.jpg|Gujarat|https://air.pc.cdn.bitgravity.com/air/live/pbaudio135/playlist.m3u8
t_radio|Air|Bhuj|ic_fm_akashvanibhuj.jpg|Gujarat|https://air.pc.cdn.bitgravity.com/air/live/pbaudio195/playlist.m3u8
t_radio|Air|Godhra|ic_fm_akashvanigodhra.jpg|Gujarat|https://air.pc.cdn.bitgravity.com/air/live/pbaudio114/playlist.m3u8
t_radio|Air|Himmatnagar|ic_fm_akashvanihimmatnagar.jpg|Gujarat|https://air.pc.cdn.bitgravity.com/air/live/pbaudio217/playlist.m3u8
t_radio|Air|Rajkot|ic_fm_akashvanirajkot.jpg|Gujarat|https://air.pc.cdn.bitgravity.com/air/live/pbaudio155/playlist.m3u8
t_radio|Air|Surat|ic_fm_akashvanisurat.jpg|Gujarat|https://air.pc.cdn.bitgravity.com/air/live/pbaudio186/playlist.m3u8
t_radio|Air|Vadodara|ic_fm_akashvanivadodara.jpg|Gujarat|https://air.pc.cdn.bitgravity.com/air/live/pbaudio095/playlist.m3u8
t_radio|Air|VBS Ahmedabad|ic_fm_vbsahmedabad.jpg|Gujarat|https://air.pc.cdn.bitgravity.com/air/live/pbaudio037/playlist.m3u8
t_radio|Air|VBS Rajkot|ic_fm_vbsrajkot.jpg|Gujarat|https://air.pc.cdn.bitgravity.com/air/live/pbaudio156/playlist.m3u8
t_radio|Air|Hisar|ic_fm_akashvanihisar.jpg|Haryana|https://air.pc.cdn.bitgravity.com/air/live/pbaudio165/playlist.m3u8
t_radio|Air|Kurukshetra|ic_fm_akashvanikurukshetra.jpg|Haryana|https://air.pc.cdn.bitgravity.com/air/live/pbaudio213/playlist.m3u8
t_radio|Air|Rohtak|ic_fm_akashvanirohtak.jpg|Haryana|https://air.pc.cdn.bitgravity.com/air/live/pbaudio188/playlist.m3u8
t_radio|Air|Dharamshala|ic_fm_akashvanidharamshala.jpg|Himachal Pradesh|https://air.pc.cdn.bitgravity.com/air/live/pbaudio165/playlist.m3u8
t_radio|Air|Hamirpur FM|ic_fm_akashvanihamirpurfm.jpg|Himachal Pradesh|https://air.pc.cdn.bitgravity.com/air/live/pbaudio243/playlist.m3u8
t_radio|Air|Shimla|ic_fm_akashvanishimla.jpg|Himachal Pradesh|https://air.pc.cdn.bitgravity.com/air/live/pbaudio043/playlist.m3u8
t_radio|Air|Shimla FM|ic_fm_akashvanishimlafm.jpg|Himachal Pradesh|https://air.pc.cdn.bitgravity.com/air/live/pbaudio042/playlist.m3u8
t_radio|Air|Bhaderwah|ic_fm_akashvanibhaderwah.jpg|Jammu & Kashmir|https://air.pc.cdn.bitgravity.com/air/live/pbaudio246/playlist.m3u8
t_radio|Air|Jammu|ic_fm_akashvanijammu.jpg|Jammu & Kashmir|https://air.pc.cdn.bitgravity.com/air/live/pbaudio128/playlist.m3u8
t_radio|Air|Kathua|ic_fm_akashvanikathua.jpg|Jammu & Kashmir|https://air.pc.cdn.bitgravity.com/air/live/pbaudio190/playlist.m3u8
t_radio|Air|Srinagar|ic_fm_akashvanisrinagar.jpg|Jammu & Kashmir|https://air.pc.cdn.bitgravity.com/air/live/pbaudio136/playlist.m3u8
t_radio|Air|Chaibasa|ic_fm_akashvanichaibasa.jpg|Jharkhand|https://air.pc.cdn.bitgravity.com/air/live/pbaudio224/playlist.m3u8
t_radio|Air|Daltonganj|ic_fm_akashvanidaltonganj.jpg|Jharkhand|https://air.pc.cdn.bitgravity.com/air/live/pbaudio202/playlist.m3u8
t_radio|Air|FM Rainbow Ranchi|ic_fm_fmrainbowranchi.jpg|Jharkhand|https://air.pc.cdn.bitgravity.com/air/live/pbaudio253/playlist.m3u8
t_radio|Air|Hazaribagh|ic_fm_akashvanihazaribagh.jpg|Jharkhand|https://air.pc.cdn.bitgravity.com/air/live/pbaudio197/playlist.m3u8
t_radio|Air|Jamshedpur|ic_fm_akashvanijamshedpur.jpg|Jharkhand|https://air.pc.cdn.bitgravity.com/air/live/pbaudio216/playlist.m3u8
t_radio|Air|Ranchi|ic_fm_akashvaniranchi.jpg|Jharkhand|https://air.pc.cdn.bitgravity.com/air/live/pbaudio199/playlist.m3u8
t_radio|Air|VBS Jamshedpur|ic_fm_vbsjamshedpur.jpg|Jharkhand|https://air.pc.cdn.bitgravity.com/air/live/pbaudio266/playlist.m3u8
t_radio|Air|VBS Ranchi|ic_fm_vbsranchi.jpg|Jharkhand|https://air.pc.cdn.bitgravity.com/air/live/pbaudio250/playlist.m3u8
t_radio|Air|Amrutvarshini|ic_fm_amrutvarshini.jpg|Karnataka|https://airhlspush.pc.cdn.bitgravity.com/httppush/hlspbaudio028/hlspbaudio028_Auto.m3u8
t_radio|Air|Bellari|ic_fm_akashvanibellari.jpg|Karnataka|https://air.pc.cdn.bitgravity.com/air/live/pbaudio114/playlist.m3u8
t_radio|Air|Bhadravati|ic_fm_akashvanibhadravati.jpg|Karnataka|https://air.pc.cdn.bitgravity.com/air/live/pbaudio211/playlist.m3u8
t_radio|Air|Bijapur|ic_fm_akashvanibijapur.jpg|Karnataka|https://air.pc.cdn.bitgravity.com/air/live/pbaudio145/playlist.m3u8
t_radio|Air|Chitradurga|ic_fm_akashvanichitradurga.jpg|Karnataka|https://air.pc.cdn.bitgravity.com/air/live/pbaudio105/playlist.m3u8
t_radio|Air|Dharwad|ic_fm_akashvanidharwad.jpg|Karnataka|https://air.pc.cdn.bitgravity.com/air/live/pbaudio150/playlist.m3u8
t_radio|Air|Hassan|ic_fm_akashvanihassan.jpg|Karnataka|https://air.pc.cdn.bitgravity.com/air/live/pbaudio172/playlist.m3u8
t_radio|Air|Hospet|ic_fm_akashvanihospet.jpg|Karnataka|https://air.pc.cdn.bitgravity.com/air/live/pbaudio184/playlist.m3u8
t_radio|Air|Kalaburgi (Gulbarga)|ic_fm_akashvanikalaburgi(gulbarga).jpg|Karnataka|https://air.pc.cdn.bitgravity.com/air/live/pbaudio015/playlist.m3u8
t_radio|Air|Karnataka|ic_fm_akashvanikarnataka.jpg|Karnataka|https://airhlspush.pc.cdn.bitgravity.com/httppush/hlspbaudio030/hlspbaudio030_Auto.m3u8
t_radio|Air|Karwar|ic_fm_akashvanikarwar.jpg|Karnataka|https://air.pc.cdn.bitgravity.com/air/live/pbaudio123/playlist.m3u8
t_radio|Air|Madikeri|ic_fm_akashvanimadikeri.jpg|Karnataka|https://air.pc.cdn.bitgravity.com/air/live/pbaudio068/playlist.m3u8
t_radio|Air|Mangalore|ic_fm_akashvanimangalore.jpg|Karnataka|https://air.pc.cdn.bitgravity.com/air/live/pbaudio073/playlist.m3u8
t_radio|Air|Mysuru|ic_fm_akashvanimysuru.jpg|Karnataka|https://air.pc.cdn.bitgravity.com/air/live/pbaudio177/playlist.m3u8
t_radio|Air|Raichur|ic_fm_akashvaniraichur.jpg|Karnataka|https://air.pc.cdn.bitgravity.com/air/live/pbaudio198/playlist.m3u8
t_radio|Air|Rainbow Kannada Kaamanbilu|ic_fm_rainbowkannadakaamanbilu.jpg|Karnataka|https://airhlspush.pc.cdn.bitgravity.com/httppush/hlspbaudio027/hlspbaudio027_Auto.m3u8
t_radio|Air|VB KANNADA|ic_fm_vbkannada.jpg|Karnataka|https://airhlspush.pc.cdn.bitgravity.com/httppush/hlspbaudio026/hlspbaudio026_Auto.m3u8
t_radio|Air|Calicut|ic_fm_akashvanicalicut.jpg|Kerala|https://air.pc.cdn.bitgravity.com/air/live/pbaudio082/playlist.m3u8
t_radio|Air|Devikulam|ic_fm_akashvanidevikulam.jpg|Kerala|https://air.pc.cdn.bitgravity.com/air/live/pbaudio214/playlist.m3u8
t_radio|Air|FM Rainbow Kochi|ic_fm_fmrainbowkochi.jpg|Kerala|https://air.pc.cdn.bitgravity.com/air/live/pbaudio044/playlist.m3u8
t_radio|Air|Kannur|ic_fm_akashvanikannur.jpg|Kerala|https://air.pc.cdn.bitgravity.com/air/live/pbaudio173/playlist.m3u8
t_radio|Air|Kerla|ic_fm_akashvanikerla.jpg|Kerala|https://air.pc.cdn.bitgravity.com/air/live/pbaudio230/playlist.m3u8
t_radio|Air|Kochi|ic_fm_akashvanikochi.jpg|Kerala|https://air.pc.cdn.bitgravity.com/air/live/pbaudio045/playlist.m3u8
t_radio|Air|Kozhikode Real FM|ic_fm_akashvanikozhikoderealfm.jpg|Kerala|https://air.pc.cdn.bitgravity.com/air/live/pbaudio083/playlist.m3u8
t_radio|Air|Manjeri|ic_fm_akashvanimanjeri.jpg|Kerala|https://air.pc.cdn.bitgravity.com/air/live/pbaudio101/playlist.m3u8
t_radio|Air|Thrissur|ic_fm_akashvanithrissur.jpg|Kerala|https://air.pc.cdn.bitgravity.com/air/live/pbaudio036/playlist.m3u8
t_radio|Air|VB MALAYALAM|ic_fm_vbmalayalam.jpg|Kerala|https://air.pc.cdn.bitgravity.com/air/live/pbaudio229/playlist.m3u8
t_radio|Air|Kargil|ic_fm_akashvanikargil.jpg|Ladakh|https://air.pc.cdn.bitgravity.com/air/live/pbaudio066/playlist.m3u8
t_radio|Air|Leh|ic_fm_akashvanileh.jpg|Ladakh|https://air.pc.cdn.bitgravity.com/air/live/pbaudio223/playlist.m3u8
t_radio|Air|Kavaratti|ic_fm_akashvanikavaratti.jpg|Lakshadweep|https://air.pc.cdn.bitgravity.com/air/live/pbaudio189/playlist.m3u8
t_radio|Air|Balaghat|ic_fm_akashvanibalaghat.jpg|Madhya Pradesh|https://air.pc.cdn.bitgravity.com/air/live/pbaudio091/playlist.m3u8
t_radio|Air|Betul|ic_fm_akashvanibetul.jpg|Madhya Pradesh|https://air.pc.cdn.bitgravity.com/air/live/pbaudio108/playlist.m3u8
t_radio|Air|Bhopal|ic_fm_akashvanibhopal.jpg|Madhya Pradesh|https://air.pc.cdn.bitgravity.com/air/live/pbaudio146/playlist.m3u8
t_radio|Air|Chhatarpur|ic_fm_akashvanichhatarpur.jpg|Madhya Pradesh|https://air.pc.cdn.bitgravity.com/air/live/pbaudio104/playlist.m3u8
t_radio|Air|Chhindwara|ic_fm_akashvanichhindwara.jpg|Madhya Pradesh|https://air.pc.cdn.bitgravity.com/air/live/pbaudio113/playlist.m3u8
t_radio|Air|Guna|ic_fm_akashvaniguna.jpg|Madhya Pradesh|https://air.pc.cdn.bitgravity.com/air/live/pbaudio115/playlist.m3u8
t_radio|Air|Gwalior|ic_fm_akashvanigwalior.jpg|Madhya Pradesh|https://air.pc.cdn.bitgravity.com/air/live/pbaudio205/playlist.m3u8
t_radio|Air|Indore|ic_fm_akashvaniindore.jpg|Madhya Pradesh|https://air.pc.cdn.bitgravity.com/air/live/pbaudio212/playlist.m3u8
t_radio|Air|Jabalpur|ic_fm_akashvanijabalpur.jpg|Madhya Pradesh|https://air.pc.cdn.bitgravity.com/air/live/pbaudio167/playlist.m3u8
t_radio|Air|Jabalpur FM|ic_fm_akashvanijabalpurfm.jpg|Madhya Pradesh|https://air.pc.cdn.bitgravity.com/air/live/pbaudio240/playlist.m3u8
t_radio|Air|Khandwa|ic_fm_akashvanikhandwa.jpg|Madhya Pradesh|https://air.pc.cdn.bitgravity.com/air/live/pbaudio143/playlist.m3u8
t_radio|Air|Rewa|ic_fm_akashvanirewa.jpg|Madhya Pradesh|https://air.pc.cdn.bitgravity.com/air/live/pbaudio225/playlist.m3u8
t_radio|Air|Sagar|ic_fm_akashvanisagar.jpg|Madhya Pradesh|https://air.pc.cdn.bitgravity.com/air/live/pbaudio204/playlist.m3u8
t_radio|Air|Shahdol|ic_fm_akashvanishahdol.jpg|Madhya Pradesh|https://air.pc.cdn.bitgravity.com/air/live/pbaudio228/playlist.m3u8
t_radio|Air|Shivpuri|ic_fm_akashvanishivpuri.jpg|Madhya Pradesh|https://air.pc.cdn.bitgravity.com/air/live/pbaudio171/playlist.m3u8
t_radio|Air|VBS Bhopal|ic_fm_vbsbhopal.jpg|Madhya Pradesh|https://air.pc.cdn.bitgravity.com/air/live/pbaudio248/playlist.m3u8
t_radio|Air|VBS Indore|ic_fm_vbsindore.jpg|Madhya Pradesh|https://air.pc.cdn.bitgravity.com/air/live/pbaudio241/playlist.m3u8
t_radio|Air|Ahilyanagar|ic_fm_akashvaniahilyanagar.jpg|Maharashtra|https://air.pc.cdn.bitgravity.com/air/live/pbaudio019/playlist.m3u8
t_radio|Air|Akola|ic_fm_akashvaniakola.jpg|Maharashtra|https://air.pc.cdn.bitgravity.com/air/live/pbaudio178/playlist.m3u8
t_radio|Air|Amravati|ic_fm_akashvaniamravati.jpg|Maharashtra|https://air.pc.cdn.bitgravity.com/air/live/pbaudio151/playlist.m3u8
t_radio|Air|Beed|ic_fm_akashvanibeed.jpg|Maharashtra|https://air.pc.cdn.bitgravity.com/air/live/pbaudio077/playlist.m3u8
t_radio|Air|Chandrapur|ic_fm_akashvanichandrapur.jpg|Maharashtra|https://air.pc.cdn.bitgravity.com/air/live/pbaudio074/playlist.m3u8
t_radio|Air|Chhatrapati Sambhaji Nagar|ic_fm_akashvanichhatrapatisambhajinagar.jpg|Maharashtra|https://air.pc.cdn.bitgravity.com/air/live/pbaudio065/playlist.m3u8
t_radio|Air|Dharashiv|ic_fm_akashvanidharashiv.jpg|Maharashtra|https://air.pc.cdn.bitgravity.com/air/live/pbaudio132/playlist.m3u8
t_radio|Air|Dhule|ic_fm_akashvanidhule.jpg|Maharashtra|https://air.pc.cdn.bitgravity.com/air/live/pbaudio079/playlist.m3u8
t_radio|Air|FM Gold Mumbai|ic_fm_fmgoldmumbai.jpg|Maharashtra|https://airhlspush.pc.cdn.bitgravity.com/httppush/hlspbaudio007/hlspbaudio007_Auto.m3u8
t_radio|Air|FM Rainbow Mumbai|ic_fm_fmrainbowmumbai.jpg|Maharashtra|https://airhlspush.pc.cdn.bitgravity.com/httppush/hlspbaudio008/hlspbaudio008_Auto.m3u8
t_radio|Air|Jalgaon|ic_fm_akashvanijalgaon.jpg|Maharashtra|https://air.pc.cdn.bitgravity.com/air/live/pbaudio096/playlist.m3u8
t_radio|Air|Kolhapur|ic_fm_akashvanikolhapur.jpg|Maharashtra|https://air.pc.cdn.bitgravity.com/air/live/pbaudio063/playlist.m3u8
t_radio|Air|Marathi Mumbai Asmita|ic_fm_akashvanimarathimumbaiasmita.jpg|Maharashtra|https://airhlspush.pc.cdn.bitgravity.com/httppush/hlspbaudio010/hlspbaudio010_Auto.m3u8
t_radio|Air|Nagpur|ic_fm_akashvaninagpur.jpg|Maharashtra|https://air.pc.cdn.bitgravity.com/air/live/pbaudio069/playlist.m3u8
t_radio|Air|Nanded|ic_fm_akashvaninanded.jpg|Maharashtra|https://air.pc.cdn.bitgravity.com/air/live/pbaudio072/playlist.m3u8
t_radio|Air|Nasik|ic_fm_akashvaninasik.jpg|Maharashtra|https://air.pc.cdn.bitgravity.com/air/live/pbaudio035/playlist.m3u8
t_radio|Air|Parbhani|ic_fm_akashvaniparbhani.jpg|Maharashtra|https://air.pc.cdn.bitgravity.com/air/live/pbaudio085/playlist.m3u8
t_radio|Air|Pune|ic_fm_akashvanipune.jpg|Maharashtra|https://air.pc.cdn.bitgravity.com/air/live/pbaudio012/playlist.m3u8
t_radio|Air|Pune FM|ic_fm_akashvanipunefm.jpg|Maharashtra|https://air.pc.cdn.bitgravity.com/air/live/pbaudio013/playlist.m3u8
t_radio|Air|Ratnagiri|ic_fm_akashvaniratnagiri.jpg|Maharashtra|https://air.pc.cdn.bitgravity.com/air/live/pbaudio071/playlist.m3u8
t_radio|Air|Samvadita Mumbai|ic_fm_samvaditamumbai.jpg|Maharashtra|https://airhlspush.pc.cdn.bitgravity.com/httppush/hlspbaudio009/hlspbaudio009_Auto.m3u8
t_radio|Air|Sangli|ic_fm_akashvanisangli.jpg|Maharashtra|https://air.pc.cdn.bitgravity.com/air/live/pbaudio106/playlist.m3u8
t_radio|Air|Satara|ic_fm_akashvanisatara.jpg|Maharashtra|https://air.pc.cdn.bitgravity.com/air/live/pbaudio076/playlist.m3u8
t_radio|Air|Sindhudurg|ic_fm_akashvanisindhudurg.jpg|Maharashtra|https://air.pc.cdn.bitgravity.com/air/live/pbaudio219/playlist.m3u8
t_radio|Air|Solapur|ic_fm_akashvanisolapur.jpg|Maharashtra|https://air.pc.cdn.bitgravity.com/air/live/pbaudio093/playlist.m3u8
t_radio|Air|VBS Mumbai|ic_fm_vbsmumbai.jpg|Maharashtra|https://airhlspush.pc.cdn.bitgravity.com/httppush/hlspbaudio011/hlspbaudio011_Auto.m3u8
t_radio|Air|VBS Nagpur|ic_fm_vbsnagpur.jpg|Maharashtra|https://air.pc.cdn.bitgravity.com/air/live/pbaudio070/playlist.m3u8
t_radio|Air|Yavatmal|ic_fm_akashvaniyavatmal.jpg|Maharashtra|https://air.pc.cdn.bitgravity.com/air/live/pbaudio109/playlist.m3u8
t_radio|Air|Churachandpur|ic_fm_akashvanichurachandpur.jpg|Manipur|https://air.pc.cdn.bitgravity.com/air/live/pbaudio273/playlist.m3u8
t_radio|Air|Imphal Kangla|ic_fm_akashvaniimphalkangla.jpg|Manipur|https://air.pc.cdn.bitgravity.com/air/live/pbaudio209/playlist.m3u8
t_radio|Air|Imphal Sangai|ic_fm_akashvaniimphalsangai.jpg|Manipur|https://air.pc.cdn.bitgravity.com/air/live/pbaudio210/playlist.m3u8
t_radio|Air|FM Jongphi Shillong|ic_fm_fmjongphishillong.jpg|Meghalaya|https://air.pc.cdn.bitgravity.com/air/live/pbaudio264/playlist.m3u8
t_radio|Air|Jowai|ic_fm_akashvanijowai.jpg|Meghalaya|https://air.pc.cdn.bitgravity.com/air/live/pbaudio265/playlist.m3u8
t_radio|Air|North East Livestream|ic_fm_akashvaninortheastlivestream.jpg|Meghalaya|https://air.pc.cdn.bitgravity.com/air/live/pbaudio249/playlist.m3u8
t_radio|Air|Shillong|ic_fm_akashvanishillong.jpg|Meghalaya|https://air.pc.cdn.bitgravity.com/air/live/pbaudio161/playlist.m3u8
t_radio|Air|Tura|ic_fm_akashvanitura.jpg|Meghalaya|https://air.pc.cdn.bitgravity.com/air/live/pbaudio259/playlist.m3u8
t_radio|Air|Aizawl|ic_fm_akashvaniaizawl.jpg|Mizoram|https://air.pc.cdn.bitgravity.com/air/live/pbaudio221/playlist.m3u8
t_radio|Air|FM Zoawi Aizawl|ic_fm_fmzoawiaizawl.jpg|Mizoram|https://air.pc.cdn.bitgravity.com/air/live/pbaudio242/playlist.m3u8
t_radio|Air|Lunglei|ic_fm_akashvanilunglei.jpg|Mizoram|https://air.pc.cdn.bitgravity.com/air/live/pbaudio269/playlist.m3u8
t_radio|Air|FM Tragopan Kohima|ic_fm_fmtragopankohima.jpg|Nagaland|https://air.pc.cdn.bitgravity.com/air/live/pbaudio220/playlist.m3u8
t_radio|Air|Kohima|ic_fm_akashvanikohima.jpg|Nagaland|https://air.pc.cdn.bitgravity.com/air/live/pbaudio274/playlist.m3u8
t_radio|Air|Mokokchung|ic_fm_akashvanimokokchung.jpg|Nagaland|https://air.pc.cdn.bitgravity.com/air/live/pbaudio263/playlist.m3u8
t_radio|Air|Live News 24x7|ic_fm_livenews24x7.jpg|National|https://airhlspush.pc.cdn.bitgravity.com/httppush/hlspbaudio002/hlspbaudio002_Auto.m3u8
t_radio|Air|Raagam|ic_fm_raagam.jpg|National|https://airhlspush.pc.cdn.bitgravity.com/httppush/hlspbaudioragam/hlspbaudioragam_Auto.m3u8
t_radio|Air|Vividh Bharati|ic_fm_vividhbharati.jpg|National|https://air.pc.cdn.bitgravity.com/air/live/pbaudio001/playlist.m3u8
t_radio|Air|Balangir|ic_fm_akashvanibalangir.jpg|Odisha|https://air.pc.cdn.bitgravity.com/air/live/pbaudio187/playlist.m3u8
t_radio|Air|Baripada|ic_fm_akashvanibaripada.jpg|Odisha|https://air.pc.cdn.bitgravity.com/air/live/pbaudio158/playlist.m3u8
t_radio|Air|Berhampur|ic_fm_akashvaniberhampur.jpg|Odisha|https://air.pc.cdn.bitgravity.com/air/live/pbaudio180/playlist.m3u8
t_radio|Air|Bhawanipatna|ic_fm_akashvanibhawanipatna.jpg|Odisha|https://air.pc.cdn.bitgravity.com/air/live/pbaudio120/playlist.m3u8
t_radio|Air|FM Rainbow Cuttack|ic_fm_fmrainbowcuttack.jpg|Odisha|https://air.pc.cdn.bitgravity.com/air/live/pbaudio102/playlist.m3u8
t_radio|Air|Jeypore|ic_fm_akashvanijeypore.jpg|Odisha|https://air.pc.cdn.bitgravity.com/air/live/pbaudio112/playlist.m3u8
t_radio|Air|Joranda|ic_fm_akashvanijoranda.jpg|Odisha|https://air.pc.cdn.bitgravity.com/air/live/pbaudio256/playlist.m3u8
t_radio|Air|Keonjhar|ic_fm_akashvanikeonjhar.jpg|Odisha|https://air.pc.cdn.bitgravity.com/air/live/pbaudio166/playlist.m3u8
t_radio|Air|Mahanadi Sambalpur|ic_fm_akashvanimahanadisambalpur.jpg|Odisha|https://air.pc.cdn.bitgravity.com/air/live/pbaudio182/playlist.m3u8
t_radio|Air|Odia|ic_fm_akashvaniodia.jpg|Odisha|https://air.pc.cdn.bitgravity.com/air/live/pbaudio137/playlist.m3u8
t_radio|Air|Puri FM|ic_fm_akashvanipurifm.jpg|Odisha|https://air.pc.cdn.bitgravity.com/air/live/pbaudio100/playlist.m3u8
t_radio|Air|Rourkela|ic_fm_akashvanirourkela.jpg|Odisha|https://air.pc.cdn.bitgravity.com/air/live/pbaudio215/playlist.m3u8
t_radio|Air|Sambalpur|ic_fm_akashvanisambalpur.jpg|Odisha|https://air.pc.cdn.bitgravity.com/air/live/pbaudio181/playlist.m3u8
t_radio|Air|VBS Cuttack|ic_fm_vbscuttack.jpg|Odisha|https://air.pc.cdn.bitgravity.com/air/live/pbaudio103/playlist.m3u8
t_radio|Air|FM Rainbow Puducherry|ic_fm_fmrainbowpuducherry.jpg|Puducherry|https://air.pc.cdn.bitgravity.com/air/live/pbaudio098/playlist.m3u8
t_radio|Air|Karaikal|ic_fm_akashvanikaraikal.jpg|Puducherry|https://air.pc.cdn.bitgravity.com/air/live/pbaudio050/playlist.m3u8
t_radio|Air|Puducherry|ic_fm_akashvanipuducherry.jpg|Puducherry|https://air.pc.cdn.bitgravity.com/air/live/pbaudio097/playlist.m3u8
t_radio|Air|Bhatinda|ic_fm_akashvanibhatinda.jpg|Punjab|https://air.pc.cdn.bitgravity.com/air/live/pbaudio117/playlist.m3u8
t_radio|Air|FM Rainbow Jalandhar|ic_fm_fmrainbowjalandhar.jpg|Punjab|https://air.pc.cdn.bitgravity.com/air/live/pbaudio134/playlist.m3u8
t_radio|Air|Patiala|ic_fm_akashvanipatiala.jpg|Punjab|https://air.pc.cdn.bitgravity.com/air/live/pbaudio163/playlist.m3u8
t_radio|Air|Punjabi|ic_fm_akashvanipunjabi.jpg|Punjab|https://air.pc.cdn.bitgravity.com/air/live/pbaudio138/playlist.m3u8
t_radio|Air|Alwar|ic_fm_akashvanialwar.jpg|Rajasthan|https://air.pc.cdn.bitgravity.com/air/live/pbaudio153/playlist.m3u8
t_radio|Air|Banswara|ic_fm_akashvanibanswara.jpg|Rajasthan|https://air.pc.cdn.bitgravity.com/air/live/pbaudio014/playlist.m3u8
t_radio|Air|Barmer|ic_fm_akashvanibarmer.jpg|Rajasthan|https://air.pc.cdn.bitgravity.com/air/live/pbaudio200/playlist.m3u8
t_radio|Air|Bikaner|ic_fm_akashvanibikaner.jpg|Rajasthan|https://air.pc.cdn.bitgravity.com/air/live/pbaudio053/playlist.m3u8
t_radio|Air|Chittorgarh|ic_fm_akashvanichittorgarh.jpg|Rajasthan|https://air.pc.cdn.bitgravity.com/air/live/pbaudio060/playlist.m3u8
t_radio|Air|Churu|ic_fm_akashvanichuru.jpg|Rajasthan|https://air.pc.cdn.bitgravity.com/air/live/pbaudio226/playlist.m3u8
t_radio|Air|Jaipur|ic_fm_akashvanijaipur.jpg|Rajasthan|https://air.pc.cdn.bitgravity.com/air/live/pbaudio192/playlist.m3u8
t_radio|Air|Jaisalmer|ic_fm_akashvanijaisalmer.jpg|Rajasthan|https://air.pc.cdn.bitgravity.com/air/live/pbaudio206/playlist.m3u8
t_radio|Air|Jhalawar|ic_fm_akashvanijhalawar.jpg|Rajasthan|https://air.pc.cdn.bitgravity.com/air/live/pbaudio157/playlist.m3u8
t_radio|Air|Jodhpur|ic_fm_akashvanijodhpur.jpg|Rajasthan|https://air.pc.cdn.bitgravity.com/air/live/pbaudio088/playlist.m3u8
t_radio|Air|Jodhpur Sun City FM|ic_fm_akashvanijodhpursuncityfm.jpg|Rajasthan|https://air.pc.cdn.bitgravity.com/air/live/pbaudio089/playlist.m3u8
t_radio|Air|Kota|ic_fm_akashvanikota.jpg|Rajasthan|https://air.pc.cdn.bitgravity.com/air/live/pbaudio084/playlist.m3u8
t_radio|Air|Mount Abu|ic_fm_akashvanimountabu.jpg|Rajasthan|https://air.pc.cdn.bitgravity.com/air/live/pbaudio159/playlist.m3u8
t_radio|Air|Nagaur|ic_fm_akashvaninagaur.jpg|Rajasthan|https://air.pc.cdn.bitgravity.com/air/live/pbaudio170/playlist.m3u8
t_radio|Air|Sawai Madhopur|ic_fm_akashvanisawaimadhopur.jpg|Rajasthan|https://air.pc.cdn.bitgravity.com/air/live/pbaudio119/playlist.m3u8
t_radio|Air|Suratgarh|ic_fm_akashvanisuratgarh.jpg|Rajasthan|https://air.pc.cdn.bitgravity.com/air/live/pbaudio064/playlist.m3u8
t_radio|Air|Udaipur|ic_fm_akashvaniudaipur.jpg|Rajasthan|https://air.pc.cdn.bitgravity.com/air/live/pbaudio148/playlist.m3u8
t_radio|Air|Udaipur FM Lake CIty|ic_fm_akashvaniudaipurfmlakecity.jpg|Rajasthan|https://air.pc.cdn.bitgravity.com/air/live/pbaudio149/playlist.m3u8
t_radio|Air|VBS Jaipur|ic_fm_vbsjaipur.jpg|Rajasthan|https://air.pc.cdn.bitgravity.com/air/live/pbaudio193/playlist.m3u8
t_radio|Air|Gangtok|ic_fm_akashvanigangtok.jpg|Sikkim|https://air.pc.cdn.bitgravity.com/air/live/pbaudio227/playlist.m3u8
t_radio|Air|Coimbatore|ic_fm_akashvanicoimbatore.jpg|Tamil Nadu|https://air.pc.cdn.bitgravity.com/air/live/pbaudio016/playlist.m3u8
t_radio|Air|Dharmapuri|ic_fm_akashvanidharmapuri.jpg|Tamil Nadu|https://air.pc.cdn.bitgravity.com/air/live/pbaudio078/playlist.m3u8
t_radio|Air|FM Gold Chennai|ic_fm_fmgoldchennai.jpg|Tamil Nadu|https://air.pc.cdn.bitgravity.com/air/live/pbaudio021/playlist.m3u8
t_radio|Air|FM Nagercoil Kumari|ic_fm_fmnagercoilkumari.jpg|Tamil Nadu|https://air.pc.cdn.bitgravity.com/air/live/pbaudio129/playlist.m3u8
t_radio|Air|FM Rainbow Chennai|ic_fm_fmrainbowchennai.jpg|Tamil Nadu|https://air.pc.cdn.bitgravity.com/air/live/pbaudio022/playlist.m3u8
t_radio|Air|FM Rainbow Coimbatore|ic_fm_fmrainbowcoimbatore.jpg|Tamil Nadu|https://air.pc.cdn.bitgravity.com/air/live/pbaudio017/playlist.m3u8
t_radio|Air|FM Rainbow Tirunelveli|ic_fm_fmrainbowtirunelveli.jpg|Tamil Nadu|https://air.pc.cdn.bitgravity.com/air/live/pbaudio062/playlist.m3u8
t_radio|Air|Kodaikanal|ic_fm_akashvanikodaikanal.jpg|Tamil Nadu|https://air.pc.cdn.bitgravity.com/air/live/pbaudio051/playlist.m3u8
t_radio|Air|Madurai|ic_fm_akashvanimadurai.jpg|Tamil Nadu|https://air.pc.cdn.bitgravity.com/air/live/pbaudio127/playlist.m3u8
t_radio|Air|Ooty|ic_fm_akashvaniooty.jpg|Tamil Nadu|https://air.pc.cdn.bitgravity.com/air/live/pbaudio207/playlist.m3u8
t_radio|Air|Tamil Nadu|ic_fm_akashvanitamilnadu.jpg|Tamil Nadu|https://air.pc.cdn.bitgravity.com/air/live/pbaudio025/playlist.m3u8
t_radio|Air|Tiruchirappalli|ic_fm_akashvanitiruchirappalli.jpg|Tamil Nadu|https://air.pc.cdn.bitgravity.com/air/live/pbaudio041/playlist.m3u8
t_radio|Air|Tiruchirappalli FM|ic_fm_akashvanitiruchirappallifm.jpg|Tamil Nadu|https://air.pc.cdn.bitgravity.com/air/live/pbaudio040/playlist.m3u8
t_radio|Air|Tirunelveli|ic_fm_akashvanitirunelveli.jpg|Tamil Nadu|https://air.pc.cdn.bitgravity.com/air/live/pbaudio061/playlist.m3u8
t_radio|Air|Tuticorin|ic_fm_akashvanituticorin.jpg|Tamil Nadu|https://air.pc.cdn.bitgravity.com/air/live/pbaudio121/playlist.m3u8
t_radio|Air|VB Tamil Chennai|ic_fm_vbtamilchennai.jpg|Tamil Nadu|https://air.pc.cdn.bitgravity.com/air/live/pbaudio024/playlist.m3u8
t_radio|Air|Adilabad|ic_fm_akashvaniadilabad.jpg|Telangana|https://air.pc.cdn.bitgravity.com/air/live/pbaudio218/playlist.m3u8
t_radio|Air|FM Rainbow Hyderabad|ic_fm_fmrainbowhyderabad.jpg|Telangana|https://air.pc.cdn.bitgravity.com/air/live/pbaudio031/playlist.m3u8
t_radio|Air|Kothagudem|ic_fm_akashvanikothagudem.jpg|Telangana|https://air.pc.cdn.bitgravity.com/air/live/pbaudio116/playlist.m3u8
t_radio|Air|Nizamabad|ic_fm_akashvaninizamabad.jpg|Telangana|https://air.pc.cdn.bitgravity.com/air/live/pbaudio222/playlist.m3u8
t_radio|Air|Telangana|ic_fm_akashvanitelangana.jpg|Telangana|https://air.pc.cdn.bitgravity.com/air/live/pbaudio032/playlist.m3u8
t_radio|Air|VB Telugu Hyderabad|ic_fm_vbteluguhyderabad.jpg|Telangana|https://air.pc.cdn.bitgravity.com/air/live/pbaudio034/playlist.m3u8
t_radio|Air|Warangal|ic_fm_akashvaniwarangal.jpg|Telangana|https://air.pc.cdn.bitgravity.com/air/live/pbaudio154/playlist.m3u8
t_radio|Air|Agartala|ic_fm_akashvaniagartala.jpg|Tripura|https://air.pc.cdn.bitgravity.com/air/live/pbaudio131/playlist.m3u8
t_radio|Air|Belonia|ic_fm_akashvanibelonia.jpg|Tripura|https://air.pc.cdn.bitgravity.com/air/live/pbaudio257/playlist.m3u8
t_radio|Air|FM Ujjayanta Agartala|ic_fm_fmujjayantaagartala.jpg|Tripura|https://air.pc.cdn.bitgravity.com/air/live/pbaudio130/playlist.m3u8
t_radio|Air|Kailashahar|ic_fm_akashvanikailashahar.jpg|Tripura|https://air.pc.cdn.bitgravity.com/air/live/pbaudio276/playlist.m3u8
t_radio|Air|Agra|ic_fm_akashvaniagra.jpg|Uttar Pradesh|https://air.pc.cdn.bitgravity.com/air/live/pbaudio059/playlist.m3u8
t_radio|Air|Ayodhya|ic_fm_akashvaniayodhya.jpg|Uttar Pradesh|https://air.pc.cdn.bitgravity.com/air/live/pbaudio152/playlist.m3u8
t_radio|Air|Bareilly|ic_fm_akashvanibareilly.jpg|Uttar Pradesh|https://air.pc.cdn.bitgravity.com/air/live/pbaudio124/playlist.m3u8
t_radio|Air|FM Rainbow Kanpur|ic_fm_fmrainbowkanpur.jpg|Uttar Pradesh|https://air.pc.cdn.bitgravity.com/air/live/pbaudio058/playlist.m3u8
t_radio|Air|FM Rainbow Lucknow|ic_fm_fmrainbowlucknow.jpg|Uttar Pradesh|https://air.pc.cdn.bitgravity.com/air/live/pbaudio047/playlist.m3u8
t_radio|Air|Gorakhpur|ic_fm_akashvanigorakhpur.jpg|Uttar Pradesh|https://air.pc.cdn.bitgravity.com/air/live/pbaudio203/playlist.m3u8
t_radio|Air|Jhansi|ic_fm_akashvanijhansi.jpg|Uttar Pradesh|https://air.pc.cdn.bitgravity.com/air/live/pbaudio099/playlist.m3u8
t_radio|Air|Kanpur|ic_fm_akashvanikanpur.jpg|Uttar Pradesh|https://air.pc.cdn.bitgravity.com/air/live/pbaudio194/playlist.m3u8
t_radio|Air|KumbhVani|ic_fm_kumbhvani.jpg|Uttar Pradesh|https://air.pc.cdn.bitgravity.com/air/live/pbaudio300/playlist.m3u8
t_radio|Air|Lucknow|ic_fm_akashvanilucknow.jpg|Uttar Pradesh|https://air.pc.cdn.bitgravity.com/air/live/pbaudio046/playlist.m3u8
t_radio|Air|Mathura|ic_fm_akashvanimathura.jpg|Uttar Pradesh|https://air.pc.cdn.bitgravity.com/air/live/pbaudio067/playlist.m3u8
t_radio|Air|Najibabad|ic_fm_akashvaninajibabad.jpg|Uttar Pradesh|https://air.pc.cdn.bitgravity.com/air/live/pbaudio162/playlist.m3u8
t_radio|Air|Obra|ic_fm_akashvaniobra.jpg|Uttar Pradesh|https://air.pc.cdn.bitgravity.com/air/live/pbaudio235/playlist.m3u8
t_radio|Air|Prayagraj|ic_fm_akashvaniprayagraj.jpg|Uttar Pradesh|https://air.pc.cdn.bitgravity.com/air/live/pbaudio125/playlist.m3u8
t_radio|Air|Rampur|ic_fm_akashvanirampur.jpg|Uttar Pradesh|https://air.pc.cdn.bitgravity.com/air/live/pbaudio179/playlist.m3u8
t_radio|Air|Varanasi|ic_fm_akashvanivaranasi.jpg|Uttar Pradesh|https://air.pc.cdn.bitgravity.com/air/live/pbaudio094/playlist.m3u8
t_radio|Air|Almora|ic_fm_akashvanialmora.jpg|Uttarakhand|https://air.pc.cdn.bitgravity.com/air/live/pbaudio122/playlist.m3u8
t_radio|Air|Dehradun|ic_fm_akashvanidehradun.jpg|Uttarakhand|https://air.pc.cdn.bitgravity.com/air/live/pbaudio191/playlist.m3u8
t_radio|Air|Pauri|ic_fm_akashvanipauri.jpg|Uttarakhand|https://air.pc.cdn.bitgravity.com/air/live/pbaudio107/playlist.m3u8
t_radio|Air|Bangla|ic_fm_akashvanibangla.jpg|West Bengal|https://airhlspush.pc.cdn.bitgravity.com/httppush/hlspbaudio137/hlspbaudio137_Auto.m3u8
t_radio|Air|FM Gold Kolkata|ic_fm_fmgoldkolkata.jpg|West Bengal|https://airhlspush.pc.cdn.bitgravity.com/httppush/hlspbaudio057/hlspbaudio057_Auto.m3u8
t_radio|Air|FM Rainbow Kolkata|ic_fm_fmrainbowkolkata.jpg|West Bengal|https://airhlspush.pc.cdn.bitgravity.com/httppush/hlspbaudio058/hlspbaudio058_Auto.m3u8
t_radio|Air|Kolkata Geetanjali|ic_fm_akashvanikolkatageetanjali.jpg|West Bengal|https://airhlspush.pc.cdn.bitgravity.com/httppush/hlspbaudio055/hlspbaudio055_Auto.m3u8
t_radio|Air|Kolkata Sanchayita|ic_fm_akashvanikolkatasanchayita.jpg|West Bengal|https://airhlspush.pc.cdn.bitgravity.com/httppush/hlspbaudio056/hlspbaudio056_Auto.m3u8
t_radio|Air|Kurseong|ic_fm_akashvanikurseong.jpg|West Bengal|https://air.pc.cdn.bitgravity.com/air/live/pbaudio183/playlist.m3u8
t_radio|Air|Maitree|ic_fm_akashvanimaitree.jpg|West Bengal|https://airhlspush.pc.cdn.bitgravity.com/httppush/hlspbaudio245/hlspbaudio245_Auto.m3u8
t_radio|Air|Murshidabad|ic_fm_akashvanimurshidabad.jpg|West Bengal|https://air.pc.cdn.bitgravity.com/air/live/pbaudio169/playlist.m3u8
t_radio|Air|Shantiniketan|ic_fm_akashvanishantiniketan.jpg|West Bengal|https://air.pc.cdn.bitgravity.com/air/live/pbaudio247/playlist.m3u8
t_radio|Air|Siliguri|ic_fm_akashvanisiliguri.jpg|West Bengal|https://air.pc.cdn.bitgravity.com/air/live/pbaudio164/playlist.m3u8
t_radio|Air|vbs Kolkata|ic_fm_vbskolkata.jpg|West Bengal|https://airhlspush.pc.cdn.bitgravity.com/httppush/hlspbaudio275/hlspbaudio275_Auto.m3u8
